ip,hostname,domain
204.232.231.46,host1,hk.johnsonelectric.com
205.171.2.25,host2,us.johnsonelectric.com
98.149.55.63,host3,pl.johnsonelectric.com
212.48.10.58,host4,cn.johnsonelectric.com
8.8.8.8,host5,rs.johnsonelectric.com
62.211.68.12,host6,it.johnsonelectric.com
50.19.102.116,host7,de.johnsonelectric.com
65.55.223.19,host8,my.johnsonelectric.com
65.55.223.24,host9,br.johnsonelectric.com
78.159.99.224,host10,in.johnsonelectric.com
65.55.223.31,host11,hk.johnsonelectric.com
8.5.1.1,host12,us.johnsonelectric.com
192.168.0.1,host13,pl.johnsonelectric.com
69.43.161.167,host14,cn.johnsonelectric.com
82.98.86.177,host1,rs.johnsonelectric.com
89.111.176.67,host2,it.johnsonelectric.com
202.31.187.154,host3,de.johnsonelectric.com
208.43.167.112,host4,my.johnsonelectric.com
70.86.17.130,host5,br.johnsonelectric.com
8.5.1.6,host6,in.johnsonelectric.com
208.73.210.29,host7,hk.johnsonelectric.com
65.55.223.25,host8,us.johnsonelectric.com
65.55.223.28,host9,pl.johnsonelectric.com
213.202.225.39,host10,cn.johnsonelectric.com
69.43.161.182,host11,rs.johnsonelectric.com
69.43.161.163,host12,it.johnsonelectric.com
65.55.223.21,host13,de.johnsonelectric.com
65.55.223.13,host14,my.johnsonelectric.com
213.229.65.70,host1,br.johnsonelectric.com
80.109.240.72,host2,in.johnsonelectric.com
17.254.32.16,host3,hk.johnsonelectric.com
208.91.197.134,host4,us.johnsonelectric.com
92.63.101.215,host5,pl.johnsonelectric.com
216.150.214.58,host6,cn.johnsonelectric.com
174.120.244.229,host7,rs.johnsonelectric.com
8.5.1.41,host8,it.johnsonelectric.com
108.61.3.67,host9,de.johnsonelectric.com
69.43.161.152,host10,my.johnsonelectric.com
141.8.224.72,host11,br.johnsonelectric.com
64.71.166.44,host12,in.johnsonelectric.com
81.88.48.83,host13,hk.johnsonelectric.com
50.18.123.164,host14,us.johnsonelectric.com
192.168.0.2,host1,pl.johnsonelectric.com
69.43.161.155,host2,cn.johnsonelectric.com
72.232.229.50,host3,rs.johnsonelectric.com
184.105.178.90,host4,it.johnsonelectric.com
78.140.172.78,host5,de.johnsonelectric.com
80.247.78.20,host6,my.johnsonelectric.com
69.43.161.164,host7,br.johnsonelectric.com
208.91.197.104,host8,in.johnsonelectric.com
202.172.26.8,host9,hk.johnsonelectric.com
157.55.130.143,host10,us.johnsonelectric.com
71.218.68.152,host11,pl.johnsonelectric.com
114.207.113.54,host12,cn.johnsonelectric.com
24.23.217.98,host13,rs.johnsonelectric.com
84.2.34.1,host14,it.johnsonelectric.com
64.74.223.45,host1,de.johnsonelectric.com
89.27.111.72,host2,my.johnsonelectric.com
173.255.216.101,host3,br.johnsonelectric.com
213.52.252.81,host4,in.johnsonelectric.com
87.106.143.110,host5,hk.johnsonelectric.com
64.74.223.34,host6,us.johnsonelectric.com
89.108.64.156,host7,pl.johnsonelectric.com
68.178.232.99,host8,cn.johnsonelectric.com
8.5.1.45,host9,rs.johnsonelectric.com
64.15.205.100,host10,it.johnsonelectric.com
66.40.52.58,host11,de.johnsonelectric.com
69.43.161.177,host12,my.johnsonelectric.com
213.155.21.40,host13,br.johnsonelectric.com
184.154.37.112,host14,in.johnsonelectric.com
85.17.30.92,host1,hk.johnsonelectric.com
208.91.197.101,host2,us.johnsonelectric.com
64.62.243.89,host3,pl.johnsonelectric.com
174.120.106.60,host4,cn.johnsonelectric.com
64.74.223.31,host5,rs.johnsonelectric.com
64.78.56.109,host6,it.johnsonelectric.com
64.4.23.158,host7,de.johnsonelectric.com
69.43.161.157,host8,my.johnsonelectric.com
173.212.56.195,host9,br.johnsonelectric.com
109.70.26.36,host10,in.johnsonelectric.com
108.61.4.52,host11,hk.johnsonelectric.com
69.43.161.150,host12,us.johnsonelectric.com
112.175.243.22,host13,pl.johnsonelectric.com
216.8.179.25,host14,cn.johnsonelectric.com
69.43.161.154,host1,rs.johnsonelectric.com
208.91.196.252,host2,it.johnsonelectric.com
68.50.71.169,host3,de.johnsonelectric.com
174.122.73.34,host4,my.johnsonelectric.com
187.31.64.25,host5,br.johnsonelectric.com
199.96.162.11,host6,in.johnsonelectric.com
78.111.80.145,host7,hk.johnsonelectric.com
208.87.149.250,host8,us.johnsonelectric.com
85.159.233.4,host9,pl.johnsonelectric.com
82.98.86.165,host10,cn.johnsonelectric.com
207.97.227.239,host11,rs.johnsonelectric.com
207.97.227.243,host12,it.johnsonelectric.com
184.154.5.82,host13,de.johnsonelectric.com
64.31.24.26,host14,my.johnsonelectric.com
64.74.223.42,host1,br.johnsonelectric.com
68.177.32.107,host2,in.johnsonelectric.com
69.167.161.46,host3,hk.johnsonelectric.com
218.206.191.94,host4,us.johnsonelectric.com
218.206.191.70,host5,pl.johnsonelectric.com
180.153.132.49,host6,cn.johnsonelectric.com
72.247.13.155,host7,rs.johnsonelectric.com
124.115.26.21,host8,it.johnsonelectric.com
98.248.152.109,host9,de.johnsonelectric.com
157.55.235.144,host10,my.johnsonelectric.com
184.168.87.216,host11,br.johnsonelectric.com
61.158.248.93,host12,in.johnsonelectric.com
68.48.43.112,host13,hk.johnsonelectric.com
157.55.130.155,host14,us.johnsonelectric.com
210.131.4.165,host1,pl.johnsonelectric.com
157.55.56.144,host2,cn.johnsonelectric.com
216.220.38.20,host3,rs.johnsonelectric.com
62.116.181.25,host4,it.johnsonelectric.com
134.161.84.203,host5,de.johnsonelectric.com
74.211.43.170,host6,my.johnsonelectric.com
59.106.98.140,host7,br.johnsonelectric.com
173.194.77.191,host8,in.johnsonelectric.com
59.106.28.139,host9,hk.johnsonelectric.com
204.45.250.9,host10,us.johnsonelectric.com
91.195.240.106,host11,pl.johnsonelectric.com
123.125.41.248,host12,cn.johnsonelectric.com